{
  "known": 705,
  "unknown": 165,
  "accuracy": 0.4950354609929078,
  "precision": 0.4900990099009901,
  "recall": 0.28125,
  "specificity": 0.7082152974504249,
  "f1": 0.3574007220216606,
  "directional_failure_index": -0.4269652974504249,
  "yes_rate": 0.2865248226950355,
  "tp": 99,
  "fp": 103,
  "tn": 250,
  "fn": 253,
  "input": "${SLICERAG_ROOT}/data/primevul_test_paired_labeled.jsonl",
  "variant": "metadata_no_cwe",
  "model": "gemini-3.1-pro-preview",
  "total_records": 870
}
