{
  "known": 870,
  "unknown": 0,
  "accuracy": 0.5103448275862069,
  "precision": 0.5069984447900466,
  "recall": 0.7494252873563219,
  "specificity": 0.271264367816092,
  "f1": 0.6048237476808905,
  "directional_failure_index": 0.4781609195402299,
  "yes_rate": 0.7390804597701149,
  "tp": 326,
  "fp": 317,
  "tn": 118,
  "fn": 109,
  "input": "${SLICERAG_ROOT}/data/primevul_test_paired_labeled.jsonl",
  "variant": "code_metadata_no_cwe",
  "model": "glm-5.1",
  "total_records": 870
}
