{
  "known": 870,
  "unknown": 0,
  "accuracy": 0.5057471264367817,
  "precision": 0.5039370078740157,
  "recall": 0.735632183908046,
  "specificity": 0.27586206896551724,
  "f1": 0.5981308411214953,
  "directional_failure_index": 0.45977011494252873,
  "yes_rate": 0.7298850574712644,
  "tp": 320,
  "fp": 315,
  "tn": 120,
  "fn": 115,
  "input": "${SLICERAG_ROOT}/data/primevul_test_paired_labeled.jsonl",
  "variant": "code_metadata",
  "model": "glm-5.1",
  "total_records": 870
}
