{
  "runs_root": "outdir/full_function_classifier",
  "num_runs": 3,
  "runs": [
    {
      "run": "graphcodebert_fullfunc_seed12345",
      "seed": 12345,
      "known": 870,
      "known_pairs": 435,
      "sample_accuracy": 0.5160919540229885,
      "sample_precision": 0.5104477611940299,
      "sample_recall": 0.7862068965517242,
      "sample_specificity": 0.24597701149425288,
      "sample_f1": 0.6190045248868778,
      "sample_yes_rate": 0.7701149425287356,
      "sample_directional_failure_index": 0.5402298850574713,
      "pair_P-C_rate": 0.041379310344827586,
      "pair_P-V_rate": 0.7448275862068966,
      "pair_P-B_rate": 0.2045977011494253,
      "pair_P-R_rate": 0.009195402298850575
    },
    {
      "run": "graphcodebert_fullfunc_seed23456",
      "seed": 23456,
      "known": 870,
      "known_pairs": 435,
      "sample_accuracy": 0.5126436781609195,
      "sample_precision": 0.5174603174603175,
      "sample_recall": 0.37471264367816093,
      "sample_specificity": 0.6505747126436782,
      "sample_f1": 0.4346666666666667,
      "sample_yes_rate": 0.3620689655172414,
      "sample_directional_failure_index": -0.27586206896551724,
      "pair_P-C_rate": 0.03908045977011494,
      "pair_P-V_rate": 0.335632183908046,
      "pair_P-B_rate": 0.6114942528735632,
      "pair_P-R_rate": 0.013793103448275862
    },
    {
      "run": "graphcodebert_fullfunc_seed34567",
      "seed": 34567,
      "known": 870,
      "known_pairs": 435,
      "sample_accuracy": 0.5103448275862069,
      "sample_precision": 0.5059445178335535,
      "sample_recall": 0.8804597701149425,
      "sample_specificity": 0.14022988505747128,
      "sample_f1": 0.6426174496644296,
      "sample_yes_rate": 0.8701149425287357,
      "sample_directional_failure_index": 0.7402298850574712,
      "pair_P-C_rate": 0.034482758620689655,
      "pair_P-V_rate": 0.8459770114942529,
      "pair_P-B_rate": 0.10574712643678161,
      "pair_P-R_rate": 0.013793103448275862
    }
  ],
  "aggregate": {
    "pair_P-B_rate": {
      "mean": 0.30727969348659,
      "std": 0.2680536003069398,
      "min": 0.10574712643678161,
      "max": 0.6114942528735632
    },
    "pair_P-C_rate": {
      "mean": 0.038314176245210725,
      "std": 0.0035115522566711416,
      "min": 0.034482758620689655,
      "max": 0.041379310344827586
    },
    "pair_P-R_rate": {
      "mean": 0.012260536398467433,
      "std": 0.0026544839962741413,
      "min": 0.009195402298850575,
      "max": 0.013793103448275862
    },
    "pair_P-V_rate": {
      "mean": 0.6421455938697318,
      "std": 0.27022334174483514,
      "min": 0.335632183908046,
      "max": 0.8459770114942529
    },
    "sample_accuracy": {
      "mean": 0.5130268199233716,
      "std": 0.0028926568717512167,
      "min": 0.5103448275862069,
      "max": 0.5160919540229885
    },
    "sample_directional_failure_index": {
      "mean": 0.33486590038314173,
      "std": 0.5382764061414473,
      "min": -0.27586206896551724,
      "max": 0.7402298850574712
    },
    "sample_f1": {
      "mean": 0.565429547072658,
      "std": 0.1138577653179232,
      "min": 0.4346666666666667,
      "max": 0.6426174496644296
    },
    "sample_precision": {
      "mean": 0.5112841988293003,
      "std": 0.005803286241365047,
      "min": 0.5059445178335535,
      "max": 0.5174603174603175
    },
    "sample_recall": {
      "mean": 0.6804597701149425,
      "std": 0.2689458682281492,
      "min": 0.37471264367816093,
      "max": 0.8804597701149425
    },
    "sample_specificity": {
      "mean": 0.3455938697318008,
      "std": 0.2693614664253939,
      "min": 0.14022988505747128,
      "max": 0.6505747126436782
    },
    "sample_yes_rate": {
      "mean": 0.6674329501915709,
      "std": 0.2691382030707237,
      "min": 0.3620689655172414,
      "max": 0.8701149425287357
    }
  }
}