{
  "run_config": {
    "train": "${SLICERAG_ROOT}/data/primevul_train_paired_labeled.jsonl",
    "test": "${SLICERAG_ROOT}/data/primevul_test_paired_labeled.jsonl",
    "model": "${SLICERAG_EMBED_MODEL}",
    "epochs": 5,
    "batch_size": 8,
    "eval_batch_size": 16,
    "gradient_accumulation_steps": 1,
    "lr": 2e-05,
    "weight_decay": 0.01,
    "warmup_ratio": 0.06,
    "warmup_steps": 255,
    "max_length": 512,
    "val": "",
    "val_ratio": 0.1,
    "threshold_mode": "val_f1",
    "selection_metric": "val_f1",
    "threshold_min": 0.05,
    "threshold_max": 0.95,
    "threshold_step": 0.01,
    "seed": 23456,
    "device": "cuda",
    "fp16": true,
    "num_train_rows": 6820,
    "num_val_rows": 758,
    "num_test_rows": 870,
    "train_label_counts": {
      "1": 3410,
      "0": 3410
    },
    "val_label_counts": {
      "1": 379,
      "0": 379
    },
    "test_label_counts": {
      "1": 435,
      "0": 435
    }
  },
  "best_validation_record": {
    "epoch": 4,
    "global_step": 3412,
    "train_loss": 0.6951535080689478,
    "selected_threshold": 0.47,
    "selection_score": 0.6690328305235138,
    "val": {
      "known": 758,
      "accuracy": 0.5079155672823219,
      "precision": 0.5040106951871658,
      "recall": 0.9947229551451188,
      "specificity": 0.021108179419525065,
      "f1": 0.6690328305235138,
      "yes_rate": 0.9868073878627969,
      "directional_failure_index": 0.9736147757255937,
      "tp": 377,
      "fp": 371,
      "tn": 8,
      "fn": 2
    },
    "val_pairwise": {
      "num_data_rows": 758,
      "candidate_adjacent_pairs": 379,
      "known_pairs": 379,
      "unknown_pairs": 0,
      "skip_counts": {},
      "P-C": 6,
      "P-V": 371,
      "P-B": 2,
      "P-R": 0,
      "P-C_rate": 0.0158311345646438,
      "P-V_rate": 0.978891820580475,
      "P-B_rate": 0.005277044854881266,
      "P-R_rate": 0.0
    },
    "eval": {
      "known": 870,
      "accuracy": 0.5045977011494253,
      "precision": 0.5023529411764706,
      "recall": 0.9816091954022989,
      "specificity": 0.027586206896551724,
      "f1": 0.6645914396887159,
      "yes_rate": 0.9770114942528736,
      "directional_failure_index": 0.9540229885057472,
      "tp": 427,
      "fp": 423,
      "tn": 12,
      "fn": 8
    }
  },
  "final_threshold": 0.47,
  "sample_metrics": {
    "known": 870,
    "accuracy": 0.5045977011494253,
    "precision": 0.5023529411764706,
    "recall": 0.9816091954022989,
    "specificity": 0.027586206896551724,
    "f1": 0.6645914396887159,
    "yes_rate": 0.9770114942528736,
    "directional_failure_index": 0.9540229885057472,
    "tp": 427,
    "fp": 423,
    "tn": 12,
    "fn": 8
  },
  "pairwise_metrics": {
    "num_data_rows": 870,
    "candidate_adjacent_pairs": 435,
    "known_pairs": 435,
    "unknown_pairs": 0,
    "skip_counts": {},
    "P-C": 6,
    "P-V": 421,
    "P-B": 6,
    "P-R": 2,
    "P-C_rate": 0.013793103448275862,
    "P-V_rate": 0.967816091954023,
    "P-B_rate": 0.013793103448275862,
    "P-R_rate": 0.004597701149425287
  },
  "predictions_csv": "${SLICERAG_ROOT}/outdir/full_function_classifier_val_f1/graphcodebert_fullfunc_val_f1_seed23456/predictions.csv",
  "pairwise_pairs_csv": "${SLICERAG_ROOT}/outdir/full_function_classifier_val_f1/graphcodebert_fullfunc_val_f1_seed23456/pairwise_pairs.csv",
  "pairwise_metrics_csv": "${SLICERAG_ROOT}/outdir/full_function_classifier_val_f1/graphcodebert_fullfunc_val_f1_seed23456/pairwise_metrics.csv"
}