{
  "total_records": 870,
  "known_predictions": 870,
  "unknown_predictions": 0,
  "coverage": 1.0,
  "accuracy": 0.49770114942528737,
  "precision": 0.4987405541561713,
  "recall": 0.9103448275862069,
  "specificity": 0.08505747126436781,
  "f1": 0.644426362896664,
  "yes_rate": 0.9126436781609195,
  "directional_failure_index": 0.8252873563218391,
  "tp": 396,
  "fp": 398,
  "tn": 37,
  "fn": 39
}
