{
  "total_records": 870,
  "known_predictions": 870,
  "unknown_predictions": 0,
  "coverage": 1.0,
  "accuracy": 0.5643678160919541,
  "precision": 0.6186440677966102,
  "recall": 0.335632183908046,
  "specificity": 0.7931034482758621,
  "f1": 0.43517138599105815,
  "yes_rate": 0.271264367816092,
  "directional_failure_index": -0.4574712643678161,
  "tp": 146,
  "fp": 90,
  "tn": 345,
  "fn": 289
}
