{
  "num_data_rows": 870,
  "candidate_adjacent_pairs": 435,
  "known_pairs": 435,
  "unknown_pairs": 0,
  "skip_counts": {},
  "P-C": 18,
  "P-V": 324,
  "P-B": 89,
  "P-R": 4,
  "P-C_rate": 0.041379310344827586,
  "P-V_rate": 0.7448275862068966,
  "P-B_rate": 0.2045977011494253,
  "P-R_rate": 0.009195402298850575
}