{
  "known": 870,
  "unknown": 0,
  "accuracy": 0.49885057471264366,
  "precision": 0.49941383352872215,
  "recall": 0.9793103448275862,
  "f1": 0.6614906832298136,
  "yes_rate": 0.9804597701149426,
  "tp": 426,
  "fp": 427,
  "tn": 8,
  "fn": 9,
  "input": "${SLICERAG_ROOT}/data/primevul_test_paired_labeled.jsonl",
  "variant": "metadata_only",
  "model": "glm-5.1",
  "total_records": 870
}
