{
  "known": 870,
  "unknown": 0,
  "accuracy": 0.49770114942528737,
  "precision": 0.49851632047477745,
  "recall": 0.7724137931034483,
  "f1": 0.60595130748422,
  "yes_rate": 0.774712643678161,
  "tp": 336,
  "fp": 338,
  "tn": 97,
  "fn": 99,
  "input": "${SLICERAG_ROOT}/data/primevul_test_paired_labeled.jsonl",
  "variant": "code_author_fewshot",
  "model": "glm-5.1",
  "total_records": 870
}
