{
  "known": 870,
  "unknown": 0,
  "accuracy": 0.5264367816091954,
  "precision": 0.5195246179966044,
  "recall": 0.7034482758620689,
  "f1": 0.5976562500000001,
  "yes_rate": 0.6770114942528735,
  "tp": 306,
  "fp": 283,
  "tn": 152,
  "fn": 129,
  "input": "${SLICERAG_ROOT}/data/primevul_test_paired_labeled.jsonl",
  "variant": "code_author_flipped_fewshot",
  "model": "glm-5.1",
  "total_records": 870
}
