{
  "total_records": 870,
  "known_predictions": 870,
  "unknown_predictions": 0,
  "accuracy": 0.5252873563218391,
  "precision": 0.5187074829931972,
  "recall": 0.7011494252873564,
  "f1": 0.5962854349951124,
  "tp": 305,
  "fp": 283,
  "tn": 152,
  "fn": 130
}
