{
  "total_records": 870,
  "known_predictions": 870,
  "unknown_predictions": 0,
  "accuracy": 0.5195402298850574,
  "precision": 0.512022630834512,
  "recall": 0.832183908045977,
  "f1": 0.6339754816112084,
  "tp": 362,
  "fp": 345,
  "tn": 90,
  "fn": 73
}
