{
  "total_records": 200,
  "known_predictions": 200,
  "unknown_predictions": 0,
  "accuracy": 0.57,
  "precision": 0.5315315315315315,
  "recall": 0.6344086021505376,
  "f1": 0.5784313725490197,
  "yes_rate": 0.555,
  "tp": 59,
  "fp": 52,
  "tn": 55,
  "fn": 34,
  "group_metrics": {
    "icl_baseline_only": {
      "total_records": 50,
      "known_predictions": 50,
      "unknown_predictions": 0,
      "accuracy": 0.7,
      "precision": 0.9411764705882353,
      "recall": 0.7111111111111111,
      "f1": 0.8101265822784811,
      "yes_rate": 0.68,
      "tp": 32,
      "fp": 2,
      "tn": 3,
      "fn": 13
    },
    "icl_method_only": {
      "total_records": 50,
      "known_predictions": 50,
      "unknown_predictions": 0,
      "accuracy": 0.44,
      "precision": 0.03571428571428571,
      "recall": 0.5,
      "f1": 0.06666666666666667,
      "yes_rate": 0.56,
      "tp": 1,
      "fp": 27,
      "tn": 21,
      "fn": 1
    },
    "positive_weighted_rag_baseline_only": {
      "total_records": 50,
      "known_predictions": 50,
      "unknown_predictions": 0,
      "accuracy": 0.62,
      "precision": 0.9629629629629629,
      "recall": 0.5909090909090909,
      "f1": 0.732394366197183,
      "yes_rate": 0.54,
      "tp": 26,
      "fp": 1,
      "tn": 5,
      "fn": 18
    },
    "positive_weighted_rag_method_only": {
      "total_records": 50,
      "known_predictions": 50,
      "unknown_predictions": 0,
      "accuracy": 0.52,
      "precision": 0.0,
      "recall": 0.0,
      "f1": 0.0,
      "yes_rate": 0.44,
      "tp": 0,
      "fp": 22,
      "tn": 26,
      "fn": 2
    }
  }
}
