{
  "total_records": 870,
  "known_predictions": 870,
  "unknown_predictions": 0,
  "accuracy": 0.5103448275862069,
  "precision": 0.5074380165289256,
  "recall": 0.7057471264367816,
  "f1": 0.5903846153846154,
  "tp": 307,
  "fp": 298,
  "tn": 137,
  "fn": 128
}
