{
  "total_records": 868,
  "known_predictions": 868,
  "unknown_predictions": 0,
  "accuracy": 0.5195852534562212,
  "precision": 0.5143769968051118,
  "recall": 0.7402298850574712,
  "f1": 0.6069745523091423,
  "tp": 322,
  "fp": 304,
  "tn": 129,
  "fn": 113
}
