{
  "num_data_rows": 870,
  "candidate_adjacent_pairs": 435,
  "known_pairs": 435,
  "unknown_pairs": 0,
  "skip_counts": {},
  "P-C": 17,
  "P-V": 146,
  "P-B": 266,
  "P-R": 6,
  "P-C_rate": 0.03908045977011494,
  "P-V_rate": 0.335632183908046,
  "P-B_rate": 0.6114942528735632,
  "P-R_rate": 0.013793103448275862
}