{
  "total_records": 868,
  "known_predictions": 868,
  "unknown_predictions": 0,
  "accuracy": 0.5207373271889401,
  "precision": 0.5158597662771286,
  "recall": 0.7103448275862069,
  "f1": 0.597678916827853,
  "tp": 309,
  "fp": 290,
  "tn": 143,
  "fn": 126
}
