{
  "known": 870,
  "unknown": 0,
  "accuracy": 0.5057471264367817,
  "precision": 0.8571428571428571,
  "recall": 0.013793103448275862,
  "specificity": 0.9977011494252873,
  "f1": 0.027149321266968323,
  "directional_failure_index": -0.9839080459770114,
  "yes_rate": 0.008045977011494253,
  "tp": 6,
  "fp": 1,
  "tn": 434,
  "fn": 429,
  "input": "${SLICERAG_ROOT}/data/primevul_test_paired_labeled.jsonl",
  "variant": "skeleton_only",
  "model": "gpt-5.5",
  "total_records": 870
}
