{
  "known": 870,
  "unknown": 0,
  "accuracy": 0.5057471264367817,
  "precision": 0.5063613231552163,
  "recall": 0.4574712643678161,
  "specificity": 0.5540229885057472,
  "f1": 0.48067632850241543,
  "directional_failure_index": -0.09655172413793106,
  "yes_rate": 0.4517241379310345,
  "tp": 199,
  "fp": 194,
  "tn": 241,
  "fn": 236,
  "input": "${SLICERAG_ROOT}/data/primevul_test_paired_labeled.jsonl",
  "variant": "metadata_no_cwe",
  "model": "gpt-5.5",
  "total_records": 870
}
