{
  "run_config": {
    "train": "${SLICERAG_ROOT}/data/primevul_train_paired_labeled.jsonl",
    "test": "${SLICERAG_ROOT}/data/primevul_test_paired_labeled.jsonl",
    "model": "${SLICERAG_EMBED_MODEL}",
    "epochs": 5,
    "batch_size": 8,
    "eval_batch_size": 16,
    "gradient_accumulation_steps": 1,
    "lr": 2e-05,
    "weight_decay": 0.01,
    "warmup_ratio": 0.06,
    "warmup_steps": 255,
    "max_length": 512,
    "val": "",
    "val_ratio": 0.1,
    "threshold_mode": "val_pc",
    "selection_metric": "val_pc",
    "threshold_min": 0.05,
    "threshold_max": 0.95,
    "threshold_step": 0.01,
    "seed": 34567,
    "device": "cuda",
    "fp16": true,
    "num_train_rows": 6820,
    "num_val_rows": 758,
    "num_test_rows": 870,
    "train_label_counts": {
      "1": 3410,
      "0": 3410
    },
    "val_label_counts": {
      "1": 379,
      "0": 379
    },
    "test_label_counts": {
      "1": 435,
      "0": 435
    }
  },
  "best_validation_record": {
    "epoch": 5,
    "global_step": 4265,
    "train_loss": 0.6915842215033796,
    "selected_threshold": 0.51,
    "selection_score": 0.0712401055408971,
    "val": {
      "known": 758,
      "accuracy": 0.525065963060686,
      "precision": 0.5196687370600414,
      "recall": 0.662269129287599,
      "specificity": 0.38786279683377306,
      "f1": 0.5823665893271461,
      "yes_rate": 0.637203166226913,
      "directional_failure_index": 0.2744063324538259,
      "tp": 251,
      "fp": 232,
      "tn": 147,
      "fn": 128
    },
    "val_pairwise": {
      "num_data_rows": 758,
      "candidate_adjacent_pairs": 379,
      "known_pairs": 379,
      "unknown_pairs": 0,
      "skip_counts": {},
      "P-C": 27,
      "P-V": 224,
      "P-B": 120,
      "P-R": 8,
      "P-C_rate": 0.0712401055408971,
      "P-V_rate": 0.5910290237467019,
      "P-B_rate": 0.316622691292876,
      "P-R_rate": 0.021108179419525065
    },
    "eval": {
      "known": 870,
      "accuracy": 0.539080459770115,
      "precision": 0.5348360655737705,
      "recall": 0.6,
      "specificity": 0.4781609195402299,
      "f1": 0.5655471289274107,
      "yes_rate": 0.5609195402298851,
      "directional_failure_index": 0.1218390804597701,
      "tp": 261,
      "fp": 227,
      "tn": 208,
      "fn": 174
    }
  },
  "final_threshold": 0.51,
  "sample_metrics": {
    "known": 870,
    "accuracy": 0.539080459770115,
    "precision": 0.5348360655737705,
    "recall": 0.6,
    "specificity": 0.4781609195402299,
    "f1": 0.5655471289274107,
    "yes_rate": 0.5609195402298851,
    "directional_failure_index": 0.1218390804597701,
    "tp": 261,
    "fp": 227,
    "tn": 208,
    "fn": 174
  },
  "pairwise_metrics": {
    "num_data_rows": 870,
    "candidate_adjacent_pairs": 435,
    "known_pairs": 435,
    "unknown_pairs": 0,
    "skip_counts": {},
    "P-C": 40,
    "P-V": 221,
    "P-B": 168,
    "P-R": 6,
    "P-C_rate": 0.09195402298850575,
    "P-V_rate": 0.5080459770114942,
    "P-B_rate": 0.38620689655172413,
    "P-R_rate": 0.013793103448275862
  },
  "predictions_csv": "${SLICERAG_ROOT}/outdir/full_function_classifier_val_pc/graphcodebert_fullfunc_val_pc_seed34567/predictions.csv",
  "pairwise_pairs_csv": "${SLICERAG_ROOT}/outdir/full_function_classifier_val_pc/graphcodebert_fullfunc_val_pc_seed34567/pairwise_pairs.csv",
  "pairwise_metrics_csv": "${SLICERAG_ROOT}/outdir/full_function_classifier_val_pc/graphcodebert_fullfunc_val_pc_seed34567/pairwise_metrics.csv"
}