{
  "run_config": {
    "train": "${SLICERAG_ROOT}/data/primevul_train_paired_labeled.jsonl",
    "test": "${SLICERAG_ROOT}/data/primevul_test_paired_labeled.jsonl",
    "model": "${SLICERAG_EMBED_MODEL}",
    "epochs": 5,
    "batch_size": 8,
    "eval_batch_size": 16,
    "gradient_accumulation_steps": 1,
    "lr": 2e-05,
    "weight_decay": 0.01,
    "warmup_ratio": 0.06,
    "warmup_steps": 255,
    "max_length": 512,
    "val": "",
    "val_ratio": 0.1,
    "threshold_mode": "val_pc",
    "selection_metric": "val_pc",
    "threshold_min": 0.05,
    "threshold_max": 0.95,
    "threshold_step": 0.01,
    "seed": 12345,
    "device": "cuda",
    "fp16": true,
    "num_train_rows": 6820,
    "num_val_rows": 758,
    "num_test_rows": 870,
    "train_label_counts": {
      "1": 3410,
      "0": 3410
    },
    "val_label_counts": {
      "1": 379,
      "0": 379
    },
    "test_label_counts": {
      "1": 435,
      "0": 435
    }
  },
  "best_validation_record": {
    "epoch": 5,
    "global_step": 4265,
    "train_loss": 0.6925495322116794,
    "selected_threshold": 0.5,
    "selection_score": 0.07387862796833773,
    "val": {
      "known": 758,
      "accuracy": 0.5356200527704486,
      "precision": 0.5434083601286174,
      "recall": 0.44591029023746703,
      "specificity": 0.6253298153034301,
      "f1": 0.4898550724637681,
      "yes_rate": 0.4102902374670185,
      "directional_failure_index": -0.1794195250659631,
      "tp": 169,
      "fp": 142,
      "tn": 237,
      "fn": 210
    },
    "val_pairwise": {
      "num_data_rows": 758,
      "candidate_adjacent_pairs": 379,
      "known_pairs": 379,
      "unknown_pairs": 0,
      "skip_counts": {},
      "P-C": 28,
      "P-V": 141,
      "P-B": 209,
      "P-R": 1,
      "P-C_rate": 0.07387862796833773,
      "P-V_rate": 0.3720316622691293,
      "P-B_rate": 0.5514511873350924,
      "P-R_rate": 0.002638522427440633
    },
    "eval": {
      "known": 870,
      "accuracy": 0.5287356321839081,
      "precision": 0.5362318840579711,
      "recall": 0.42528735632183906,
      "specificity": 0.632183908045977,
      "f1": 0.4743589743589744,
      "yes_rate": 0.39655172413793105,
      "directional_failure_index": -0.20689655172413796,
      "tp": 185,
      "fp": 160,
      "tn": 275,
      "fn": 250
    }
  },
  "final_threshold": 0.5,
  "sample_metrics": {
    "known": 870,
    "accuracy": 0.5287356321839081,
    "precision": 0.5362318840579711,
    "recall": 0.42528735632183906,
    "specificity": 0.632183908045977,
    "f1": 0.4743589743589744,
    "yes_rate": 0.39655172413793105,
    "directional_failure_index": -0.20689655172413796,
    "tp": 185,
    "fp": 160,
    "tn": 275,
    "fn": 250
  },
  "pairwise_metrics": {
    "num_data_rows": 870,
    "candidate_adjacent_pairs": 435,
    "known_pairs": 435,
    "unknown_pairs": 0,
    "skip_counts": {},
    "P-C": 27,
    "P-V": 158,
    "P-B": 248,
    "P-R": 2,
    "P-C_rate": 0.06206896551724138,
    "P-V_rate": 0.3632183908045977,
    "P-B_rate": 0.5701149425287356,
    "P-R_rate": 0.004597701149425287
  },
  "predictions_csv": "${SLICERAG_ROOT}/outdir/full_function_classifier_val_pc/graphcodebert_fullfunc_val_pc_seed12345/predictions.csv",
  "pairwise_pairs_csv": "${SLICERAG_ROOT}/outdir/full_function_classifier_val_pc/graphcodebert_fullfunc_val_pc_seed12345/pairwise_pairs.csv",
  "pairwise_metrics_csv": "${SLICERAG_ROOT}/outdir/full_function_classifier_val_pc/graphcodebert_fullfunc_val_pc_seed12345/pairwise_metrics.csv"
}