{
  "total_records": 868,
  "known_predictions": 868,
  "unknown_predictions": 0,
  "accuracy": 0.511520737327189,
  "precision": 0.5103189493433395,
  "recall": 0.6252873563218391,
  "f1": 0.5619834710743801,
  "tp": 272,
  "fp": 261,
  "tn": 172,
  "fn": 163
}
