{
  "known": 870,
  "accuracy": 0.5218390804597701,
  "precision": 0.5236907730673317,
  "recall": 0.4827586206896552,
  "f1": 0.5023923444976077,
  "yes_rate": 0.46091954022988507,
  "tp": 210,
  "fp": 191,
  "tn": 244,
  "fn": 225,
  "total_rows": 870,
  "unknown_predictions": 0
}
