method,known_pairs,unknown_pairs,P-C,P-V,P-B,P-R,P-C_rate,P-V_rate,P-B_rate,P-R_rate
zero_shot,435,0,29,333,61,12,0.066667,0.765517,0.14023,0.027586
author_no_yes,435,0,36,309,66,24,0.082759,0.710345,0.151724,0.055172
yes_only,435,0,39,319,63,14,0.089655,0.733333,0.144828,0.032184
no_only,435,0,30,310,71,24,0.068966,0.712644,0.163218,0.055172
icl,435,0,59,201,152,23,0.135632,0.462069,0.349425,0.052874
old_rag,435,0,37,262,108,28,0.085057,0.602299,0.248276,0.064368
positive_weighted_rag,431,4,31,237,141,22,0.071926,0.549884,0.327146,0.051044
balanced_grouped_no_label_bc,431,4,32,321,58,20,0.074246,0.74478,0.134571,0.046404
