method,known_pairs,unknown_pairs,P-C,P-V,P-B,P-R,P-C_rate,P-V_rate,P-B_rate,P-R_rate
zero_shot,433,0,29,331,61,12,0.066975,0.764434,0.140878,0.027714
author_no_yes,433,0,36,307,66,24,0.083141,0.709007,0.152425,0.055427
yes_only,433,0,39,317,63,14,0.090069,0.732102,0.145497,0.032333
no_only,433,0,30,308,71,24,0.069284,0.711316,0.163972,0.055427
icl,433,0,59,199,152,23,0.136259,0.459584,0.351039,0.053118
old_rag,433,0,37,260,108,28,0.08545,0.600462,0.249423,0.064665
positive_weighted_rag,429,4,31,235,141,22,0.072261,0.547786,0.328671,0.051282
balanced_grouped_no_label_bc,429,4,32,319,58,20,0.074592,0.74359,0.135198,0.04662
