run,seed,known,known_pairs,sample_accuracy,sample_precision,sample_recall,sample_specificity,sample_f1,sample_yes_rate,sample_directional_failure_index,pair_P-C_rate,pair_P-V_rate,pair_P-B_rate,pair_P-R_rate
graphcodebert_fullfunc_val_pc_seed12345,12345,870,435,0.5287356321839081,0.5362318840579711,0.42528735632183906,0.632183908045977,0.4743589743589744,0.39655172413793105,-0.20689655172413796,0.06206896551724138,0.3632183908045977,0.5701149425287356,0.004597701149425287
graphcodebert_fullfunc_val_pc_seed23456,23456,870,435,0.5264367816091954,0.5403508771929825,0.35402298850574715,0.6988505747126437,0.4277777777777778,0.3275862068965517,-0.3448275862068965,0.05747126436781609,0.296551724137931,0.6413793103448275,0.004597701149425287
graphcodebert_fullfunc_val_pc_seed34567,34567,870,435,0.539080459770115,0.5348360655737705,0.6,0.4781609195402299,0.5655471289274107,0.5609195402298851,0.1218390804597701,0.09195402298850575,0.5080459770114942,0.38620689655172413,0.013793103448275862
