{
  "total_records": 870,
  "known_predictions": 870,
  "unknown_predictions": 0,
  "coverage": 1.0,
  "accuracy": 0.5666666666666667,
  "precision": 0.5647321428571429,
  "recall": 0.5816091954022988,
  "specificity": 0.5517241379310345,
  "f1": 0.5730464326160815,
  "yes_rate": 0.5149425287356322,
  "directional_failure_index": 0.029885057471264354,
  "tp": 253,
  "fp": 195,
  "tn": 240,
  "fn": 182
}
