{
  "total_records": 870,
  "known_predictions": 870,
  "unknown_predictions": 0,
  "coverage": 1.0,
  "accuracy": 0.5528735632183908,
  "precision": 0.546,
  "recall": 0.6275862068965518,
  "specificity": 0.4781609195402299,
  "f1": 0.5839572192513369,
  "yes_rate": 0.5747126436781609,
  "directional_failure_index": 0.14942528735632188,
  "tp": 273,
  "fp": 227,
  "tn": 208,
  "fn": 162
}
