{
  "total_records": 870,
  "known_predictions": 869,
  "unknown_predictions": 1,
  "coverage": 0.9988505747126437,
  "accuracy": 0.5443037974683544,
  "precision": 0.5282199710564399,
  "recall": 0.8390804597701149,
  "specificity": 0.2488479262672811,
  "f1": 0.6483126110124334,
  "yes_rate": 0.7951668584579977,
  "directional_failure_index": 0.5902325335028338,
  "tp": 365,
  "fp": 326,
  "tn": 108,
  "fn": 70
}
