{
  "total_records": 870,
  "known_predictions": 870,
  "unknown_predictions": 0,
  "coverage": 1.0,
  "accuracy": 0.5333333333333333,
  "precision": 0.5196211096075778,
  "recall": 0.8827586206896552,
  "specificity": 0.1839080459770115,
  "f1": 0.6541737649063032,
  "yes_rate": 0.8494252873563218,
  "directional_failure_index": 0.6988505747126437,
  "tp": 384,
  "fp": 355,
  "tn": 80,
  "fn": 51
}
