{
  "total_records": 870,
  "known_predictions": 870,
  "unknown_predictions": 0,
  "coverage": 1.0,
  "accuracy": 0.5459770114942529,
  "precision": 0.5370370370370371,
  "recall": 0.6666666666666666,
  "specificity": 0.42528735632183906,
  "f1": 0.5948717948717949,
  "yes_rate": 0.6206896551724138,
  "directional_failure_index": 0.24137931034482757,
  "tp": 290,
  "fp": 250,
  "tn": 185,
  "fn": 145
}
