{
  "run_config": {
    "train": "${SLICERAG_ROOT}/data/primevul_train_paired_labeled.jsonl",
    "test": "${SLICERAG_ROOT}/data/primevul_test_paired_labeled.jsonl",
    "model": "${SLICERAG_EMBED_MODEL}",
    "epochs": 5,
    "batch_size": 8,
    "eval_batch_size": 16,
    "gradient_accumulation_steps": 1,
    "lr": 2e-05,
    "weight_decay": 0.01,
    "warmup_ratio": 0.06,
    "warmup_steps": 255,
    "max_length": 512,
    "val": "",
    "val_ratio": 0.1,
    "threshold_mode": "val_pc",
    "selection_metric": "val_pc",
    "threshold_min": 0.05,
    "threshold_max": 0.95,
    "threshold_step": 0.01,
    "seed": 23456,
    "device": "cuda",
    "fp16": true,
    "num_train_rows": 6820,
    "num_val_rows": 758,
    "num_test_rows": 870,
    "train_label_counts": {
      "1": 3410,
      "0": 3410
    },
    "val_label_counts": {
      "1": 379,
      "0": 379
    },
    "test_label_counts": {
      "1": 435,
      "0": 435
    }
  },
  "best_validation_record": {
    "epoch": 5,
    "global_step": 4265,
    "train_loss": 0.6913724051829938,
    "selected_threshold": 0.51,
    "selection_score": 0.0712401055408971,
    "val": {
      "known": 758,
      "accuracy": 0.5316622691292876,
      "precision": 0.5416666666666666,
      "recall": 0.41160949868073876,
      "specificity": 0.6517150395778364,
      "f1": 0.46776611694152925,
      "yes_rate": 0.37994722955145116,
      "directional_failure_index": -0.24010554089709762,
      "tp": 156,
      "fp": 132,
      "tn": 247,
      "fn": 223
    },
    "val_pairwise": {
      "num_data_rows": 758,
      "candidate_adjacent_pairs": 379,
      "known_pairs": 379,
      "unknown_pairs": 0,
      "skip_counts": {},
      "P-C": 27,
      "P-V": 129,
      "P-B": 220,
      "P-R": 3,
      "P-C_rate": 0.0712401055408971,
      "P-V_rate": 0.3403693931398417,
      "P-B_rate": 0.5804749340369393,
      "P-R_rate": 0.0079155672823219
    },
    "eval": {
      "known": 870,
      "accuracy": 0.5264367816091954,
      "precision": 0.5403508771929825,
      "recall": 0.35402298850574715,
      "specificity": 0.6988505747126437,
      "f1": 0.4277777777777778,
      "yes_rate": 0.3275862068965517,
      "directional_failure_index": -0.3448275862068965,
      "tp": 154,
      "fp": 131,
      "tn": 304,
      "fn": 281
    }
  },
  "final_threshold": 0.51,
  "sample_metrics": {
    "known": 870,
    "accuracy": 0.5264367816091954,
    "precision": 0.5403508771929825,
    "recall": 0.35402298850574715,
    "specificity": 0.6988505747126437,
    "f1": 0.4277777777777778,
    "yes_rate": 0.3275862068965517,
    "directional_failure_index": -0.3448275862068965,
    "tp": 154,
    "fp": 131,
    "tn": 304,
    "fn": 281
  },
  "pairwise_metrics": {
    "num_data_rows": 870,
    "candidate_adjacent_pairs": 435,
    "known_pairs": 435,
    "unknown_pairs": 0,
    "skip_counts": {},
    "P-C": 25,
    "P-V": 129,
    "P-B": 279,
    "P-R": 2,
    "P-C_rate": 0.05747126436781609,
    "P-V_rate": 0.296551724137931,
    "P-B_rate": 0.6413793103448275,
    "P-R_rate": 0.004597701149425287
  },
  "predictions_csv": "${SLICERAG_ROOT}/outdir/full_function_classifier_val_pc/graphcodebert_fullfunc_val_pc_seed23456/predictions.csv",
  "pairwise_pairs_csv": "${SLICERAG_ROOT}/outdir/full_function_classifier_val_pc/graphcodebert_fullfunc_val_pc_seed23456/pairwise_pairs.csv",
  "pairwise_metrics_csv": "${SLICERAG_ROOT}/outdir/full_function_classifier_val_pc/graphcodebert_fullfunc_val_pc_seed23456/pairwise_metrics.csv"
}