{
  "num_data_rows": 870,
  "candidate_adjacent_pairs": 435,
  "known_pairs": 435,
  "unknown_pairs": 0,
  "skip_counts": {},
  "P-C": 25,
  "P-V": 129,
  "P-B": 279,
  "P-R": 2,
  "P-C_rate": 0.05747126436781609,
  "P-V_rate": 0.296551724137931,
  "P-B_rate": 0.6413793103448275,
  "P-R_rate": 0.004597701149425287
}