{
  "total_records": 870,
  "known_predictions": 870,
  "unknown_predictions": 0,
  "coverage": 1.0,
  "accuracy": 0.5298850574712644,
  "precision": 0.5187319884726225,
  "recall": 0.8275862068965517,
  "specificity": 0.23218390804597702,
  "f1": 0.6377325066430469,
  "yes_rate": 0.7977011494252874,
  "directional_failure_index": 0.5954022988505747,
  "tp": 360,
  "fp": 334,
  "tn": 101,
  "fn": 75
}
