{
  "run_config": {
    "train": "${SLICERAG_ROOT}/data/primevul_train_paired_labeled.jsonl",
    "test": "${SLICERAG_ROOT}/data/primevul_test_paired_labeled.jsonl",
    "model": "${SLICERAG_EMBED_MODEL}",
    "epochs": 5,
    "batch_size": 8,
    "eval_batch_size": 16,
    "gradient_accumulation_steps": 1,
    "lr": 2e-05,
    "weight_decay": 0.01,
    "warmup_ratio": 0.06,
    "warmup_steps": 255,
    "max_length": 512,
    "val": "",
    "val_ratio": 0.1,
    "threshold_mode": "val_f1",
    "selection_metric": "val_f1",
    "threshold_min": 0.05,
    "threshold_max": 0.95,
    "threshold_step": 0.01,
    "seed": 34567,
    "device": "cuda",
    "fp16": true,
    "num_train_rows": 6820,
    "num_val_rows": 758,
    "num_test_rows": 870,
    "train_label_counts": {
      "1": 3410,
      "0": 3410
    },
    "val_label_counts": {
      "1": 379,
      "0": 379
    },
    "test_label_counts": {
      "1": 435,
      "0": 435
    }
  },
  "best_validation_record": {
    "epoch": 3,
    "global_step": 2559,
    "train_loss": 0.6973793235501539,
    "selected_threshold": 0.37,
    "selection_score": 0.6666666666666667,
    "val": {
      "known": 758,
      "accuracy": 0.5013192612137203,
      "precision": 0.5006622516556292,
      "recall": 0.9973614775725593,
      "specificity": 0.005277044854881266,
      "f1": 0.6666666666666667,
      "yes_rate": 0.996042216358839,
      "directional_failure_index": 0.9920844327176781,
      "tp": 378,
      "fp": 377,
      "tn": 2,
      "fn": 1
    },
    "val_pairwise": {
      "num_data_rows": 758,
      "candidate_adjacent_pairs": 379,
      "known_pairs": 379,
      "unknown_pairs": 0,
      "skip_counts": {},
      "P-C": 1,
      "P-V": 377,
      "P-B": 1,
      "P-R": 0,
      "P-C_rate": 0.002638522427440633,
      "P-V_rate": 0.9947229551451188,
      "P-B_rate": 0.002638522427440633,
      "P-R_rate": 0.0
    },
    "eval": {
      "known": 870,
      "accuracy": 0.5011494252873563,
      "precision": 0.5005753739930955,
      "recall": 1.0,
      "specificity": 0.0022988505747126436,
      "f1": 0.6671779141104294,
      "yes_rate": 0.9988505747126437,
      "directional_failure_index": 0.9977011494252873,
      "tp": 435,
      "fp": 434,
      "tn": 1,
      "fn": 0
    }
  },
  "final_threshold": 0.37,
  "sample_metrics": {
    "known": 870,
    "accuracy": 0.5011494252873563,
    "precision": 0.5005753739930955,
    "recall": 1.0,
    "specificity": 0.0022988505747126436,
    "f1": 0.6671779141104294,
    "yes_rate": 0.9988505747126437,
    "directional_failure_index": 0.9977011494252873,
    "tp": 435,
    "fp": 434,
    "tn": 1,
    "fn": 0
  },
  "pairwise_metrics": {
    "num_data_rows": 870,
    "candidate_adjacent_pairs": 435,
    "known_pairs": 435,
    "unknown_pairs": 0,
    "skip_counts": {},
    "P-C": 1,
    "P-V": 434,
    "P-B": 0,
    "P-R": 0,
    "P-C_rate": 0.0022988505747126436,
    "P-V_rate": 0.9977011494252873,
    "P-B_rate": 0.0,
    "P-R_rate": 0.0
  },
  "predictions_csv": "${SLICERAG_ROOT}/outdir/full_function_classifier_val_f1/graphcodebert_fullfunc_val_f1_seed34567/predictions.csv",
  "pairwise_pairs_csv": "${SLICERAG_ROOT}/outdir/full_function_classifier_val_f1/graphcodebert_fullfunc_val_f1_seed34567/pairwise_pairs.csv",
  "pairwise_metrics_csv": "${SLICERAG_ROOT}/outdir/full_function_classifier_val_f1/graphcodebert_fullfunc_val_f1_seed34567/pairwise_metrics.csv"
}