{
  "total_records": 868,
  "known_predictions": 868,
  "unknown_predictions": 0,
  "accuracy": 0.5253456221198156,
  "precision": 0.5277108433734939,
  "recall": 0.503448275862069,
  "f1": 0.5152941176470589,
  "tp": 219,
  "fp": 196,
  "tn": 237,
  "fn": 216
}
