{
  "total_records": 868,
  "known_predictions": 868,
  "unknown_predictions": 0,
  "accuracy": 0.5449308755760369,
  "precision": 0.5465116279069767,
  "recall": 0.5402298850574713,
  "f1": 0.5433526011560693,
  "tp": 235,
  "fp": 195,
  "tn": 238,
  "fn": 200
}
