{
  "total_records": 868,
  "known_predictions": 868,
  "unknown_predictions": 0,
  "accuracy": 0.5311059907834101,
  "precision": 0.5297872340425532,
  "recall": 0.5724137931034483,
  "f1": 0.5502762430939228,
  "tp": 249,
  "fp": 221,
  "tn": 212,
  "fn": 186
}
