{
  "total_records": 868,
  "known_predictions": 868,
  "unknown_predictions": 0,
  "accuracy": 0.5357142857142857,
  "precision": 0.5363636363636364,
  "recall": 0.542528735632184,
  "f1": 0.5394285714285714,
  "tp": 236,
  "fp": 204,
  "tn": 229,
  "fn": 199
}
