{
  "run_config": {
    "train": "${SLICERAG_ROOT}/data/primevul_train_paired_labeled.jsonl",
    "test": "${SLICERAG_ROOT}/data/primevul_test_paired_labeled.jsonl",
    "model": "${SLICERAG_EMBED_MODEL}",
    "epochs": 5,
    "batch_size": 8,
    "eval_batch_size": 16,
    "gradient_accumulation_steps": 1,
    "lr": 2e-05,
    "weight_decay": 0.01,
    "warmup_ratio": 0.06,
    "warmup_steps": 255,
    "max_length": 512,
    "val": "",
    "val_ratio": 0.1,
    "threshold_mode": "val_f1",
    "selection_metric": "val_f1",
    "threshold_min": 0.05,
    "threshold_max": 0.95,
    "threshold_step": 0.01,
    "seed": 12345,
    "device": "cuda",
    "fp16": true,
    "num_train_rows": 6820,
    "num_val_rows": 758,
    "num_test_rows": 870,
    "train_label_counts": {
      "1": 3410,
      "0": 3410
    },
    "val_label_counts": {
      "1": 379,
      "0": 379
    },
    "test_label_counts": {
      "1": 435,
      "0": 435
    }
  },
  "best_validation_record": {
    "epoch": 4,
    "global_step": 3412,
    "train_loss": 0.6947478711395443,
    "selected_threshold": 0.43,
    "selection_score": 0.6696349065004452,
    "val": {
      "known": 758,
      "accuracy": 0.5105540897097626,
      "precision": 0.5053763440860215,
      "recall": 0.9920844327176781,
      "specificity": 0.029023746701846966,
      "f1": 0.6696349065004452,
      "yes_rate": 0.9815303430079155,
      "directional_failure_index": 0.9630606860158312,
      "tp": 376,
      "fp": 368,
      "tn": 11,
      "fn": 3
    },
    "val_pairwise": {
      "num_data_rows": 758,
      "candidate_adjacent_pairs": 379,
      "known_pairs": 379,
      "unknown_pairs": 0,
      "skip_counts": {},
      "P-C": 9,
      "P-V": 367,
      "P-B": 2,
      "P-R": 1,
      "P-C_rate": 0.023746701846965697,
      "P-V_rate": 0.9683377308707124,
      "P-B_rate": 0.005277044854881266,
      "P-R_rate": 0.002638522427440633
    },
    "eval": {
      "known": 870,
      "accuracy": 0.5022988505747127,
      "precision": 0.5011682242990654,
      "recall": 0.9862068965517241,
      "specificity": 0.01839080459770115,
      "f1": 0.6646010844306739,
      "yes_rate": 0.9839080459770115,
      "directional_failure_index": 0.967816091954023,
      "tp": 429,
      "fp": 427,
      "tn": 8,
      "fn": 6
    }
  },
  "final_threshold": 0.43,
  "sample_metrics": {
    "known": 870,
    "accuracy": 0.5022988505747127,
    "precision": 0.5011682242990654,
    "recall": 0.9862068965517241,
    "specificity": 0.01839080459770115,
    "f1": 0.6646010844306739,
    "yes_rate": 0.9839080459770115,
    "directional_failure_index": 0.967816091954023,
    "tp": 429,
    "fp": 427,
    "tn": 8,
    "fn": 6
  },
  "pairwise_metrics": {
    "num_data_rows": 870,
    "candidate_adjacent_pairs": 435,
    "known_pairs": 435,
    "unknown_pairs": 0,
    "skip_counts": {},
    "P-C": 3,
    "P-V": 426,
    "P-B": 5,
    "P-R": 1,
    "P-C_rate": 0.006896551724137931,
    "P-V_rate": 0.9793103448275862,
    "P-B_rate": 0.011494252873563218,
    "P-R_rate": 0.0022988505747126436
  },
  "predictions_csv": "${SLICERAG_ROOT}/outdir/full_function_classifier_val_f1/graphcodebert_fullfunc_val_f1_seed12345/predictions.csv",
  "pairwise_pairs_csv": "${SLICERAG_ROOT}/outdir/full_function_classifier_val_f1/graphcodebert_fullfunc_val_f1_seed12345/pairwise_pairs.csv",
  "pairwise_metrics_csv": "${SLICERAG_ROOT}/outdir/full_function_classifier_val_f1/graphcodebert_fullfunc_val_f1_seed12345/pairwise_metrics.csv"
}