{
  "num_data_rows": 870,
  "candidate_adjacent_pairs": 435,
  "known_pairs": 435,
  "unknown_pairs": 0,
  "skip_counts": {},
  "P-C": 3,
  "P-V": 426,
  "P-B": 5,
  "P-R": 1,
  "P-C_rate": 0.006896551724137931,
  "P-V_rate": 0.9793103448275862,
  "P-B_rate": 0.011494252873563218,
  "P-R_rate": 0.0022988505747126436
}