{
  "total_records": 868,
  "known_predictions": 868,
  "unknown_predictions": 0,
  "accuracy": 0.5241935483870968,
  "precision": 0.5247747747747747,
  "recall": 0.535632183908046,
  "f1": 0.5301478953356087,
  "tp": 233,
  "fp": 211,
  "tn": 222,
  "fn": 202
}
