{
  "total_records": 868,
  "known_predictions": 868,
  "unknown_predictions": 0,
  "accuracy": 0.5357142857142857,
  "precision": 0.5346320346320347,
  "recall": 0.5678160919540229,
  "f1": 0.5507246376811594,
  "tp": 247,
  "fp": 215,
  "tn": 218,
  "fn": 188
}
