{
  "total_records": 868,
  "known_predictions": 868,
  "unknown_predictions": 0,
  "accuracy": 0.5149769585253456,
  "precision": 0.5138339920948617,
  "recall": 0.5977011494252874,
  "f1": 0.5526036131774708,
  "tp": 260,
  "fp": 246,
  "tn": 187,
  "fn": 175
}
