run,seed,known,known_pairs,sample_accuracy,sample_precision,sample_recall,sample_specificity,sample_f1,sample_yes_rate,sample_directional_failure_index,pair_P-C_rate,pair_P-V_rate,pair_P-B_rate,pair_P-R_rate
graphcodebert_fullfunc_val_f1_seed12345,12345,870,435,0.5022988505747127,0.5011682242990654,0.9862068965517241,0.01839080459770115,0.6646010844306739,0.9839080459770115,0.967816091954023,0.006896551724137931,0.9793103448275862,0.011494252873563218,0.0022988505747126436
graphcodebert_fullfunc_val_f1_seed23456,23456,870,435,0.5045977011494253,0.5023529411764706,0.9816091954022989,0.027586206896551724,0.6645914396887159,0.9770114942528736,0.9540229885057472,0.013793103448275862,0.967816091954023,0.013793103448275862,0.004597701149425287
graphcodebert_fullfunc_val_f1_seed34567,34567,870,435,0.5011494252873563,0.5005753739930955,1.0,0.0022988505747126436,0.6671779141104294,0.9988505747126437,0.9977011494252873,0.0022988505747126436,0.9977011494252873,0.0,0.0
