{
  "known": 870,
  "accuracy": 0.503448275862069,
  "precision": 0.5054151624548736,
  "recall": 0.3218390804597701,
  "f1": 0.39325842696629215,
  "yes_rate": 0.31839080459770114,
  "tp": 140,
  "fp": 137,
  "tn": 298,
  "fn": 295,
  "total_rows": 870,
  "unknown_predictions": 0
}
